Insert into CHUCVUS (ID,TEN) values (1,'Admin');
Insert into CHUCVUS (ID,TEN) values (2,'Cảnh Sát Khu Vực');
Insert into CHUCVUS (ID,TEN) values (3,'Bảo Vệ Dân Phố');
Insert into CHUCVUS (ID,TEN) values (4,'Công Dân');


Insert into LOAICUTRUS (ID,TEN) values (1,'Tạm Vắng');
Insert into LOAICUTRUS (ID,TEN) values (2,'Tạm Trú');

Insert into CUTRUS (ID,NGAYTAO,NGAYDANGKY,NGAYHETHAN,DADUYET,LOAICUTRUID,CANBOID,SONHA,DUONG,PHUONG,QUAN,THANHPHO,EMAIL,DIENTHOAI) values (1,to_date('12-APR-18','DD-MON-RR'),to_date('13-APR-18','DD-MON-RR'),to_date('26-APR-18','DD-MON-RR'),0,1,1001,'400','Hai Bà Trưng','Tân Định','1','TP.HCM','yeeeu@yahoo.com','0909997771');
Insert into CUTRUS (ID,NGAYTAO,NGAYDANGKY,NGAYHETHAN,DADUYET,LOAICUTRUID,CANBOID,SONHA,DUONG,PHUONG,QUAN,THANHPHO,EMAIL,DIENTHOAI) values (2,to_date('12-APR-18','DD-MON-RR'),to_date('13-APR-18','DD-MON-RR'),to_date('26-APR-18','DD-MON-RR'),1,1,1001,'400','Hai Bà Trưng','Tân Định','1','TP.HCM','yeeeu@yahoo.com','0909997771');
Insert into CUTRUS (ID,NGAYTAO,NGAYDANGKY,NGAYHETHAN,DADUYET,LOAICUTRUID,CANBOID,SONHA,DUONG,PHUONG,QUAN,THANHPHO,EMAIL,DIENTHOAI) values (3,to_date('13-APR-18','DD-MON-RR'),to_date('13-APR-18','DD-MON-RR'),to_date('13-MAY-18','DD-MON-RR'),1,2,1001,'475','Điện Biên Phủ','25','Bình Thạnh','TP.HCM','hemco@gmail.com','0909929333');
Insert into CUTRUS (ID,NGAYTAO,NGAYDANGKY,NGAYHETHAN,DADUYET,LOAICUTRUID,CANBOID,SONHA,DUONG,PHUONG,QUAN,THANHPHO,EMAIL,DIENTHOAI) values (4,to_date('13-APR-18','DD-MON-RR'),to_date('13-APR-18','DD-MON-RR'),to_date('13-MAY-18','DD-MON-RR'),0,2,1001,'21','Đông Du','Bến Nghé','1','TP.HCM','waifus@gmail.com','0909929333');
Insert into CUTRUS (ID,NGAYTAO,NGAYDANGKY,NGAYHETHAN,DADUYET,LOAICUTRUID,CANBOID,SONHA,DUONG,PHUONG,QUAN,THANHPHO,EMAIL,DIENTHOAI) values (5,to_date('04-MAY-18','DD-MON-RR'),to_date('04-MAY-18','DD-MON-RR'),to_date('04-JUN-18','DD-MON-RR'),0,2,1002,'227','Hoàng Sa','Tân Định','1','TP.HCM','mahythuy@gmail.com','113');
Insert into CUTRUS (ID,NGAYTAO,NGAYDANGKY,NGAYHETHAN,DADUYET,LOAICUTRUID,CANBOID,SONHA,DUONG,PHUONG,QUAN,THANHPHO,EMAIL,DIENTHOAI) values (6,to_date('04-MAY-18','DD-MON-RR'),to_date('04-MAY-18','DD-MON-RR'),to_date('04-JUN-18','DD-MON-RR'),1,1,null,'196L','Trần Quang Khải','Tân Định','1','TP.HCM','makimtuan@gmail.com','01642809246');
Insert into CUTRUS (ID,NGAYTAO,NGAYDANGKY,NGAYHETHAN,DADUYET,LOAICUTRUID,CANBOID,SONHA,DUONG,PHUONG,QUAN,THANHPHO,EMAIL,DIENTHOAI) values (7,to_date('04-AUG-18','DD-MON-RR'),to_date('04-AUG-18','DD-MON-RR'),to_date('14-AUG-18','DD-MON-RR'),1,1,1001,'105','Đường Số 26','Bình Trị Đông B','Bình Tân','TP.HCM','kuteo@gmail.com','0908787868');

Insert into NGUOIDUNGS (ID,GIOITINH,SINHNHAT,CHUCVUID,IDENTITYID,HOTEN,SONHA,DUONG,PHUONG,QUAN,THANHPHO,NOISINH,QUEQUAN,QUOCTICH,AVATAR,DIENTHOAI) values (1001,1,to_date('24-APR-96','DD-MON-RR'),1,'d5ae592c-a561-4bc4-a8f6-6de92cade91b','Mã Minh Quân','202','Trần Quang Khải','Tân Định','1','TP.HCM','TP.HCM','Trung Quốc','Việt Nam','/Content/avatar\1533453522.jpg','01223727680');
Insert into NGUOIDUNGS (ID,GIOITINH,SINHNHAT,CHUCVUID,IDENTITYID,HOTEN,SONHA,DUONG,PHUONG,QUAN,THANHPHO,NOISINH,QUEQUAN,QUOCTICH,AVATAR,DIENTHOAI) values (1002,1,to_date('14-OCT-96','DD-MON-RR'),2,'fc830519-fd08-4388-a493-c57bc0f545d6','Dương Thanh Tân','199','Nguyễn Lâm','6','10','TP.HCM','TP.HCM','TP.HCM','Việt Nam','/Content/avatar\1532968510.png','0942646809');
Insert into NGUOIDUNGS (ID,GIOITINH,SINHNHAT,CHUCVUID,IDENTITYID,HOTEN,SONHA,DUONG,PHUONG,QUAN,THANHPHO,NOISINH,QUEQUAN,QUOCTICH,AVATAR,DIENTHOAI) values (1004,1,to_date('14-APR-91','DD-MON-RR'),4,'1aeb3d55-f61a-4bee-bc0f-82a6913b4bae','Mã Kim Tuấn','196L','Trần Quang Khải','Tân Định','1','TP.HCM','TP.HCM','Trung Quốc','Việt Nam','kimtuan','01642809246');
Insert into NGUOIDUNGS (ID,GIOITINH,SINHNHAT,CHUCVUID,IDENTITYID,HOTEN,SONHA,DUONG,PHUONG,QUAN,THANHPHO,NOISINH,QUEQUAN,QUOCTICH,AVATAR,DIENTHOAI) values (1005,1,to_date('24-JUL-02','DD-MON-RR'),4,null,'Lưu Gia Tính','31','Ngô Bệ','13','Tân Bình','TP.HCM','TP.HCM','TP.HCM','Việt Nam','luugiatinh','01696717359');
Insert into NGUOIDUNGS (ID,GIOITINH,SINHNHAT,CHUCVUID,IDENTITYID,HOTEN,SONHA,DUONG,PHUONG,QUAN,THANHPHO,NOISINH,QUEQUAN,QUOCTICH,AVATAR,DIENTHOAI) values (1006,0,to_date('24-JAN-96','DD-MON-RR'),4,null,'Nguyễn Hoàng Hoài Anh','360D','Bến Vân Đồn','1','4','TP.HCM','TP.HCM','TP.HCM','Việt Nam','hoaianh','01234076077');
Insert into NGUOIDUNGS (ID,GIOITINH,SINHNHAT,CHUCVUID,IDENTITYID,HOTEN,SONHA,DUONG,PHUONG,QUAN,THANHPHO,NOISINH,QUEQUAN,QUOCTICH,AVATAR,DIENTHOAI) values (1007,1,to_date('11-JUN-94','DD-MON-RR'),4,null,'Nguyễn Thành Lượng','200','Lê Trọng Tấn','1','Tân Phú','TP.HCM','Đồng Tháp','Đồng Tháp','Việt Nam','/Content/avatar\1525378577.jpg',null);
Insert into NGUOIDUNGS (ID,GIOITINH,SINHNHAT,CHUCVUID,IDENTITYID,HOTEN,SONHA,DUONG,PHUONG,QUAN,THANHPHO,NOISINH,QUEQUAN,QUOCTICH,AVATAR,DIENTHOAI) values (1008,1,to_date('27-MAY-87','DD-MON-RR'),4,null,'Đỗ Hoàng Việt','468','Nguyễn Tri Phương','9','10','TP.HCM','TP.HCM','TP.HCM','Việt Nam','/Content/avatar\1525379053.jpg',null);
Insert into NGUOIDUNGS (ID,GIOITINH,SINHNHAT,CHUCVUID,IDENTITYID,HOTEN,SONHA,DUONG,PHUONG,QUAN,THANHPHO,NOISINH,QUEQUAN,QUOCTICH,AVATAR,DIENTHOAI) values (1009,0,to_date('12-NOV-97','DD-MON-RR'),4,null,'Moriya Akane','113','Lý Tự Trọng','Bến Thành','1','TP.HCM','Miyagi','Nhật Bản','Nhật Bản','/Content/avatar\1525379201.jpg','01223030495');
Insert into NGUOIDUNGS (ID,GIOITINH,SINHNHAT,CHUCVUID,IDENTITYID,HOTEN,SONHA,DUONG,PHUONG,QUAN,THANHPHO,NOISINH,QUEQUAN,QUOCTICH,AVATAR,DIENTHOAI) values (1010,0,to_date('23-NOV-93','DD-MON-RR'),4,null,'Kiều Hân','175','Hai Bà Trưng','6','3','TP.HCM','Bắc Kinh','Trung Quốc','Trung Quốc','/Content/avatar\1525379703.jpg',null);
Insert into NGUOIDUNGS (ID,GIOITINH,SINHNHAT,CHUCVUID,IDENTITYID,HOTEN,SONHA,DUONG,PHUONG,QUAN,THANHPHO,NOISINH,QUEQUAN,QUOCTICH,AVATAR,DIENTHOAI) values (1011,0,to_date('26-OCT-99','DD-MON-RR'),4,null,'Tsukiashi Amane','2-2-1','Jigyōhama','Chuo','Fukuoka','Fukuoka','Fukuoka','Nhật Bản','Nhật Bản','/Content/avatar\1534942011.jpg','00819012345678');
Insert into NGUOIDUNGS (ID,GIOITINH,SINHNHAT,CHUCVUID,IDENTITYID,HOTEN,SONHA,DUONG,PHUONG,QUAN,THANHPHO,NOISINH,QUEQUAN,QUOCTICH,AVATAR,DIENTHOAI) values (1012,0,to_date('07-NOV-96','DD-MON-RR'),4,null,'Okabe Rin','4-3-3','Sotokanda','Akihabara','Chiyoda','Tokyo','Ibaraki','Nhật Bản','Nhật Bẩn','/Content/avatar\1534942443.jpg','+81-3-5298-8648');
Insert into NGUOIDUNGS (ID,GIOITINH,SINHNHAT,CHUCVUID,IDENTITYID,HOTEN,SONHA,DUONG,PHUONG,QUAN,THANHPHO,NOISINH,QUEQUAN,QUOCTICH,AVATAR,DIENTHOAI) values (1013,0,to_date('29-NOV-95','DD-MON-RR'),4,null,'Sugai Yuuka','123','Ai Mà Biết','Idol','Chúa','Tokyo','Tokyo','Nhật Bản','Nhật Bản','/Content/avatar\1534943104.jpg','898456654');
Insert into NGUOIDUNGS (ID,GIOITINH,SINHNHAT,CHUCVUID,IDENTITYID,HOTEN,SONHA,DUONG,PHUONG,QUAN,THANHPHO,NOISINH,QUEQUAN,QUOCTICH,AVATAR,DIENTHOAI) values (1003,1,to_date('07-OCT-65','DD-MON-RR'),3,'fc3cf1e9-99d8-405c-9b2e-83e0ea2b308d','Mã Hỷ Thủy','196L','Trần Quang Khải','Tân Định','1','TP.HCM','TP.HCM','Trung Quốc','Việt Nam','mahythuy','8482520');

Insert into DANGKYCUTRU (CUTRUID,CONGDANID) values (2,1008);
Insert into DANGKYCUTRU (CUTRUID,CONGDANID) values (3,1003);
Insert into DANGKYCUTRU (CUTRUID,CONGDANID) values (4,1011);
Insert into DANGKYCUTRU (CUTRUID,CONGDANID) values (4,1012);
Insert into DANGKYCUTRU (CUTRUID,CONGDANID) values (5,1007);
Insert into DANGKYCUTRU (CUTRUID,CONGDANID) values (6,1004);
Insert into DANGKYCUTRU (CUTRUID,CONGDANID) values (7,1005);