--------------------------------------------------------
--  File created - Tuesday-September-25-2018   
--------------------------------------------------------
DROP TABLE "QUANLYCUTRU"."CHUCVUS" cascade constraints;
DROP TABLE "QUANLYCUTRU"."CUTRUS" cascade constraints;
DROP TABLE "QUANLYCUTRU"."DANGKYCUTRU" cascade constraints;
DROP TABLE "QUANLYCUTRU"."LOAICUTRUS" cascade constraints;
DROP TABLE "QUANLYCUTRU"."NGUOIDUNGS" cascade constraints;
--------------------------------------------------------
--  DDL for Table CHUCVUS
--------------------------------------------------------

  CREATE TABLE "QUANLYCUTRU"."CHUCVUS" 
   (	"ID" NUMBER(10,0), 
	"TEN" VARCHAR2(20 CHAR)
   ) SEGMENT CREATION IMMEDIATE 
  PCTFREE 10 PCTUSED 40 INITRANS 1 MAXTRANS 255 NOCOMPRESS LOGGING
  STORAGE(INITIAL 65536 NEXT 1048576 MINEXTENTS 1 MAXEXTENTS 2147483645
  PCTINCREASE 0 FREELISTS 1 FREELIST GROUPS 1 BUFFER_POOL DEFAULT FLASH_CACHE DEFAULT CELL_FLASH_CACHE DEFAULT)
  TABLESPACE "SYSTEM" ;
--------------------------------------------------------
--  DDL for Table CUTRUS
--------------------------------------------------------

  CREATE TABLE "QUANLYCUTRU"."CUTRUS" 
   (	"ID" NUMBER(10,0), 
	"NGAYTAO" DATE, 
	"NGAYDANGKY" DATE, 
	"NGAYHETHAN" DATE, 
	"DADUYET" NUMBER(10,0), 
	"LOAICUTRUID" NUMBER(10,0), 
	"CANBOID" NUMBER(10,0), 
	"SONHA" VARCHAR2(20 BYTE), 
	"DUONG" VARCHAR2(32 BYTE), 
	"PHUONG" VARCHAR2(32 BYTE), 
	"QUAN" VARCHAR2(32 BYTE), 
	"THANHPHO" VARCHAR2(32 BYTE), 
	"EMAIL" VARCHAR2(64 BYTE), 
	"DIENTHOAI" VARCHAR2(20 BYTE)
   ) SEGMENT CREATION IMMEDIATE 
  PCTFREE 10 PCTUSED 40 INITRANS 1 MAXTRANS 255 NOCOMPRESS LOGGING
  STORAGE(INITIAL 65536 NEXT 1048576 MINEXTENTS 1 MAXEXTENTS 2147483645
  PCTINCREASE 0 FREELISTS 1 FREELIST GROUPS 1 BUFFER_POOL DEFAULT FLASH_CACHE DEFAULT CELL_FLASH_CACHE DEFAULT)
  TABLESPACE "SYSTEM" ;
--------------------------------------------------------
--  DDL for Table DANGKYCUTRU
--------------------------------------------------------

  CREATE TABLE "QUANLYCUTRU"."DANGKYCUTRU" 
   (	"CUTRUID" NUMBER(10,0), 
	"CONGDANID" NUMBER(10,0)
   ) SEGMENT CREATION IMMEDIATE 
  PCTFREE 10 PCTUSED 40 INITRANS 1 MAXTRANS 255 NOCOMPRESS LOGGING
  STORAGE(INITIAL 65536 NEXT 1048576 MINEXTENTS 1 MAXEXTENTS 2147483645
  PCTINCREASE 0 FREELISTS 1 FREELIST GROUPS 1 BUFFER_POOL DEFAULT FLASH_CACHE DEFAULT CELL_FLASH_CACHE DEFAULT)
  TABLESPACE "SYSTEM" ;
--------------------------------------------------------
--  DDL for Table LOAICUTRUS
--------------------------------------------------------

  CREATE TABLE "QUANLYCUTRU"."LOAICUTRUS" 
   (	"ID" NUMBER(10,0), 
	"TEN" VARCHAR2(20 CHAR)
   ) SEGMENT CREATION IMMEDIATE 
  PCTFREE 10 PCTUSED 40 INITRANS 1 MAXTRANS 255 NOCOMPRESS LOGGING
  STORAGE(INITIAL 65536 NEXT 1048576 MINEXTENTS 1 MAXEXTENTS 2147483645
  PCTINCREASE 0 FREELISTS 1 FREELIST GROUPS 1 BUFFER_POOL DEFAULT FLASH_CACHE DEFAULT CELL_FLASH_CACHE DEFAULT)
  TABLESPACE "SYSTEM" ;
--------------------------------------------------------
--  DDL for Table NGUOIDUNGS
--------------------------------------------------------

  CREATE TABLE "QUANLYCUTRU"."NGUOIDUNGS" 
   (	"ID" NUMBER(10,0), 
	"GIOITINH" NUMBER(10,0), 
	"SINHNHAT" DATE, 
	"CHUCVUID" NUMBER(10,0), 
	"IDENTITYID" VARCHAR2(128 CHAR), 
	"HOTEN" VARCHAR2(64 CHAR), 
	"SONHA" VARCHAR2(20 CHAR), 
	"DUONG" VARCHAR2(32 CHAR), 
	"PHUONG" VARCHAR2(32 CHAR), 
	"QUAN" VARCHAR2(32 CHAR), 
	"THANHPHO" VARCHAR2(32 CHAR), 
	"NOISINH" VARCHAR2(32 CHAR), 
	"QUEQUAN" VARCHAR2(32 CHAR), 
	"QUOCTICH" VARCHAR2(20 CHAR), 
	"AVATAR" VARCHAR2(256 CHAR), 
	"DIENTHOAI" VARCHAR2(20 CHAR)
   ) SEGMENT CREATION IMMEDIATE 
  PCTFREE 10 PCTUSED 40 INITRANS 1 MAXTRANS 255 NOCOMPRESS LOGGING
  STORAGE(INITIAL 65536 NEXT 1048576 MINEXTENTS 1 MAXEXTENTS 2147483645
  PCTINCREASE 0 FREELISTS 1 FREELIST GROUPS 1 BUFFER_POOL DEFAULT FLASH_CACHE DEFAULT CELL_FLASH_CACHE DEFAULT)
  TABLESPACE "SYSTEM" ;
REM INSERTING into QUANLYCUTRU.CHUCVUS
SET DEFINE OFF;
Insert into QUANLYCUTRU.CHUCVUS (ID,TEN) values (1,'Admin');
Insert into QUANLYCUTRU.CHUCVUS (ID,TEN) values (2,'Cảnh Sát Khu Vực');
Insert into QUANLYCUTRU.CHUCVUS (ID,TEN) values (3,'Bảo Vệ Dân Phố');
Insert into QUANLYCUTRU.CHUCVUS (ID,TEN) values (4,'Công Dân');
REM INSERTING into QUANLYCUTRU.CUTRUS
SET DEFINE OFF;
Insert into QUANLYCUTRU.CUTRUS (ID,NGAYTAO,NGAYDANGKY,NGAYHETHAN,DADUYET,LOAICUTRUID,CANBOID,SONHA,DUONG,PHUONG,QUAN,THANHPHO,EMAIL,DIENTHOAI) values (1,to_date('12-APR-18','DD-MON-RR'),to_date('13-APR-18','DD-MON-RR'),to_date('26-APR-18','DD-MON-RR'),0,1,1001,'400','Hai Bà Trưng','Tân Định','1','TP.HCM','yeeeu@yahoo.com','0909997771');
Insert into QUANLYCUTRU.CUTRUS (ID,NGAYTAO,NGAYDANGKY,NGAYHETHAN,DADUYET,LOAICUTRUID,CANBOID,SONHA,DUONG,PHUONG,QUAN,THANHPHO,EMAIL,DIENTHOAI) values (2,to_date('12-APR-18','DD-MON-RR'),to_date('13-APR-18','DD-MON-RR'),to_date('26-APR-18','DD-MON-RR'),1,1,1001,'400','Hai Bà Trưng','Tân Định','1','TP.HCM','yeeeu@yahoo.com','0909997771');
Insert into QUANLYCUTRU.CUTRUS (ID,NGAYTAO,NGAYDANGKY,NGAYHETHAN,DADUYET,LOAICUTRUID,CANBOID,SONHA,DUONG,PHUONG,QUAN,THANHPHO,EMAIL,DIENTHOAI) values (3,to_date('13-APR-18','DD-MON-RR'),to_date('13-APR-18','DD-MON-RR'),to_date('13-MAY-18','DD-MON-RR'),1,2,1001,'475','Điện Biên Phủ','25','Bình Thạnh','TP.HCM','hemco@gmail.com','0909929333');
Insert into QUANLYCUTRU.CUTRUS (ID,NGAYTAO,NGAYDANGKY,NGAYHETHAN,DADUYET,LOAICUTRUID,CANBOID,SONHA,DUONG,PHUONG,QUAN,THANHPHO,EMAIL,DIENTHOAI) values (4,to_date('13-APR-18','DD-MON-RR'),to_date('13-APR-18','DD-MON-RR'),to_date('13-MAY-18','DD-MON-RR'),0,2,1001,'21','Đông Du','Bến Nghé','1','TP.HCM','waifus@gmail.com','0909929333');
Insert into QUANLYCUTRU.CUTRUS (ID,NGAYTAO,NGAYDANGKY,NGAYHETHAN,DADUYET,LOAICUTRUID,CANBOID,SONHA,DUONG,PHUONG,QUAN,THANHPHO,EMAIL,DIENTHOAI) values (5,to_date('04-MAY-18','DD-MON-RR'),to_date('04-MAY-18','DD-MON-RR'),to_date('04-JUN-18','DD-MON-RR'),0,2,1002,'227','Hoàng Sa','Tân Định','1','TP.HCM','mahythuy@gmail.com','113');
Insert into QUANLYCUTRU.CUTRUS (ID,NGAYTAO,NGAYDANGKY,NGAYHETHAN,DADUYET,LOAICUTRUID,CANBOID,SONHA,DUONG,PHUONG,QUAN,THANHPHO,EMAIL,DIENTHOAI) values (6,to_date('04-MAY-18','DD-MON-RR'),to_date('04-MAY-18','DD-MON-RR'),to_date('04-JUN-18','DD-MON-RR'),1,1,null,'196L','Trần Quang Khải','Tân Định','1','TP.HCM','makimtuan@gmail.com','01642809246');
Insert into QUANLYCUTRU.CUTRUS (ID,NGAYTAO,NGAYDANGKY,NGAYHETHAN,DADUYET,LOAICUTRUID,CANBOID,SONHA,DUONG,PHUONG,QUAN,THANHPHO,EMAIL,DIENTHOAI) values (7,to_date('04-AUG-18','DD-MON-RR'),to_date('04-AUG-18','DD-MON-RR'),to_date('14-AUG-18','DD-MON-RR'),1,1,1001,'105','Đường Số 26','Bình Trị Đông B','Bình Tân','TP.HCM','kuteo@gmail.com','0908787868');
REM INSERTING into QUANLYCUTRU.DANGKYCUTRU
SET DEFINE OFF;
Insert into QUANLYCUTRU.DANGKYCUTRU (CUTRUID,CONGDANID) values (2,1008);
Insert into QUANLYCUTRU.DANGKYCUTRU (CUTRUID,CONGDANID) values (3,1003);
Insert into QUANLYCUTRU.DANGKYCUTRU (CUTRUID,CONGDANID) values (4,1011);
Insert into QUANLYCUTRU.DANGKYCUTRU (CUTRUID,CONGDANID) values (4,1012);
Insert into QUANLYCUTRU.DANGKYCUTRU (CUTRUID,CONGDANID) values (5,1007);
Insert into QUANLYCUTRU.DANGKYCUTRU (CUTRUID,CONGDANID) values (6,1004);
Insert into QUANLYCUTRU.DANGKYCUTRU (CUTRUID,CONGDANID) values (7,1005);
REM INSERTING into QUANLYCUTRU.LOAICUTRUS
SET DEFINE OFF;
Insert into QUANLYCUTRU.LOAICUTRUS (ID,TEN) values (1,'Tạm Vắng');
Insert into QUANLYCUTRU.LOAICUTRUS (ID,TEN) values (2,'Tạm Trú');
REM INSERTING into QUANLYCUTRU.NGUOIDUNGS
SET DEFINE OFF;
Insert into QUANLYCUTRU.NGUOIDUNGS (ID,GIOITINH,SINHNHAT,CHUCVUID,IDENTITYID,HOTEN,SONHA,DUONG,PHUONG,QUAN,THANHPHO,NOISINH,QUEQUAN,QUOCTICH,AVATAR,DIENTHOAI) values (1001,1,to_date('24-APR-96','DD-MON-RR'),1,'d5ae592c-a561-4bc4-a8f6-6de92cade91b','Mã Minh Quân','202','Trần Quang Khải','Tân Định','1','TP.HCM','TP.HCM','Trung Quốc','Việt Nam','/Content/avatar\1533453522.jpg','01223727680');
Insert into QUANLYCUTRU.NGUOIDUNGS (ID,GIOITINH,SINHNHAT,CHUCVUID,IDENTITYID,HOTEN,SONHA,DUONG,PHUONG,QUAN,THANHPHO,NOISINH,QUEQUAN,QUOCTICH,AVATAR,DIENTHOAI) values (1002,1,to_date('14-OCT-96','DD-MON-RR'),2,'fc830519-fd08-4388-a493-c57bc0f545d6','Dương Thanh Tân','199','Nguyễn Lâm','6','10','TP.HCM','TP.HCM','TP.HCM','Việt Nam','/Content/avatar\1532968510.png','0942646809');
Insert into QUANLYCUTRU.NGUOIDUNGS (ID,GIOITINH,SINHNHAT,CHUCVUID,IDENTITYID,HOTEN,SONHA,DUONG,PHUONG,QUAN,THANHPHO,NOISINH,QUEQUAN,QUOCTICH,AVATAR,DIENTHOAI) values (1004,1,to_date('14-APR-91','DD-MON-RR'),4,'1aeb3d55-f61a-4bee-bc0f-82a6913b4bae','Mã Kim Tuấn','196L','Trần Quang Khải','Tân Định','1','TP.HCM','TP.HCM','Trung Quốc','Việt Nam','https://scontent.fsgn5-2.fna.fbcdn.net/v/t1.0-9/31416703_1222810011155530_6623022059297439744_n.jpg?_nc_cat=0&_nc_eui2=v1%3AAeEOiDEJPwpNAMjQwKbyr_IFAjiNaZIVKuI3-GxUvVTlXVU0Mo_iJ3OOqIX12wY27VXGWegV9M9TTN6v6lqPt-ovExNb3RYqgSyQ2r4p1dsXTg&oh=822bb3b7a696f4835d','01642809246');
Insert into QUANLYCUTRU.NGUOIDUNGS (ID,GIOITINH,SINHNHAT,CHUCVUID,IDENTITYID,HOTEN,SONHA,DUONG,PHUONG,QUAN,THANHPHO,NOISINH,QUEQUAN,QUOCTICH,AVATAR,DIENTHOAI) values (1005,1,to_date('24-JUL-02','DD-MON-RR'),4,null,'Lưu Gia Tính','31','Ngô Bệ','13','Tân Bình','TP.HCM','TP.HCM','TP.HCM','Việt Nam','https://scontent.fsgn5-2.fna.fbcdn.net/v/t1.0-9/12715638_228618327474369_8863700740666286093_n.jpg?_nc_cat=0&_nc_eui2=v1%3AAeGSYFS4zJkvzyaRYLz-QPY2reMYNtC_YEsF16pxHuMw58Mr-DTYBAvjNKk9u3g85fTaiT_85nv4JK2I2t3EoYptWHMOi2sqWm-JwS-EgD9Fng&oh=ea6d4556e0399a323de','01696717359');
Insert into QUANLYCUTRU.NGUOIDUNGS (ID,GIOITINH,SINHNHAT,CHUCVUID,IDENTITYID,HOTEN,SONHA,DUONG,PHUONG,QUAN,THANHPHO,NOISINH,QUEQUAN,QUOCTICH,AVATAR,DIENTHOAI) values (1006,0,to_date('24-JAN-96','DD-MON-RR'),4,null,'Nguyễn Hoàng Hoài Anh','360D','Bến Vân Đồn','1','4','TP.HCM','TP.HCM','TP.HCM','Việt Nam','https://scontent.fsgn5-2.fna.fbcdn.net/v/t31.0-1/c0.256.1536.1536/29750103_454772761609842_6373992466176372666_o.jpg?_nc_cat=0&_nc_eui2=v1%3AAeHsMI2GW5LONGoawkT98uzzdC75F_C-kUpBl5yTMmlX7XLscdkcvQQ1eKaWEbZuIihXVW1kWoOIgFXdlJt4DPABTnGPtwTkzYpzOLASC5hlWw&oh=b','01234076077');
Insert into QUANLYCUTRU.NGUOIDUNGS (ID,GIOITINH,SINHNHAT,CHUCVUID,IDENTITYID,HOTEN,SONHA,DUONG,PHUONG,QUAN,THANHPHO,NOISINH,QUEQUAN,QUOCTICH,AVATAR,DIENTHOAI) values (1007,1,to_date('11-JUN-94','DD-MON-RR'),4,null,'Nguyễn Thành Lượng','200','Lê Trọng Tấn','1','Tân Phú','TP.HCM','Đồng Tháp','Đồng Tháp','Việt Nam','/Content/avatar\1525378577.jpg',null);
Insert into QUANLYCUTRU.NGUOIDUNGS (ID,GIOITINH,SINHNHAT,CHUCVUID,IDENTITYID,HOTEN,SONHA,DUONG,PHUONG,QUAN,THANHPHO,NOISINH,QUEQUAN,QUOCTICH,AVATAR,DIENTHOAI) values (1008,1,to_date('27-MAY-87','DD-MON-RR'),4,null,'Đỗ Hoàng Việt','468','Nguyễn Tri Phương','9','10','TP.HCM','TP.HCM','TP.HCM','Việt Nam','/Content/avatar\1525379053.jpg',null);
Insert into QUANLYCUTRU.NGUOIDUNGS (ID,GIOITINH,SINHNHAT,CHUCVUID,IDENTITYID,HOTEN,SONHA,DUONG,PHUONG,QUAN,THANHPHO,NOISINH,QUEQUAN,QUOCTICH,AVATAR,DIENTHOAI) values (1009,0,to_date('12-NOV-97','DD-MON-RR'),4,null,'Moriya Akane','113','Lý Tự Trọng','Bến Thành','1','TP.HCM','Miyagi','Nhật Bản','Nhật Bản','/Content/avatar\1525379201.jpg','01223030495');
Insert into QUANLYCUTRU.NGUOIDUNGS (ID,GIOITINH,SINHNHAT,CHUCVUID,IDENTITYID,HOTEN,SONHA,DUONG,PHUONG,QUAN,THANHPHO,NOISINH,QUEQUAN,QUOCTICH,AVATAR,DIENTHOAI) values (1010,0,to_date('23-NOV-93','DD-MON-RR'),4,null,'Kiều Hân','175','Hai Bà Trưng','6','3','TP.HCM','Bắc Kinh','Trung Quốc','Trung Quốc','/Content/avatar\1525379703.jpg',null);
Insert into QUANLYCUTRU.NGUOIDUNGS (ID,GIOITINH,SINHNHAT,CHUCVUID,IDENTITYID,HOTEN,SONHA,DUONG,PHUONG,QUAN,THANHPHO,NOISINH,QUEQUAN,QUOCTICH,AVATAR,DIENTHOAI) values (1011,0,to_date('26-OCT-99','DD-MON-RR'),4,null,'Tsukiashi Amane','2-2-1','Jigyōhama','Chuo','Fukuoka','Fukuoka','Fukuoka','Nhật Bản','Nhật Bản','/Content/avatar\1534942011.jpg','00819012345678');
Insert into QUANLYCUTRU.NGUOIDUNGS (ID,GIOITINH,SINHNHAT,CHUCVUID,IDENTITYID,HOTEN,SONHA,DUONG,PHUONG,QUAN,THANHPHO,NOISINH,QUEQUAN,QUOCTICH,AVATAR,DIENTHOAI) values (1012,0,to_date('07-NOV-96','DD-MON-RR'),4,null,'Okabe Rin','4-3-3','Sotokanda','Akihabara','Chiyoda','Tokyo','Ibaraki','Nhật Bản','Nhật Bẩn','/Content/avatar\1534942443.jpg','+81-3-5298-8648');
Insert into QUANLYCUTRU.NGUOIDUNGS (ID,GIOITINH,SINHNHAT,CHUCVUID,IDENTITYID,HOTEN,SONHA,DUONG,PHUONG,QUAN,THANHPHO,NOISINH,QUEQUAN,QUOCTICH,AVATAR,DIENTHOAI) values (1013,0,to_date('29-NOV-95','DD-MON-RR'),4,null,'Sugai Yuuka','123','Ai Mà Biết','Idol','Chúa','Tokyo','Tokyo','Nhật Bản','Nhật Bản','/Content/avatar\1534943104.jpg','898456654');
Insert into QUANLYCUTRU.NGUOIDUNGS (ID,GIOITINH,SINHNHAT,CHUCVUID,IDENTITYID,HOTEN,SONHA,DUONG,PHUONG,QUAN,THANHPHO,NOISINH,QUEQUAN,QUOCTICH,AVATAR,DIENTHOAI) values (1003,1,to_date('07-OCT-65','DD-MON-RR'),3,'fc3cf1e9-99d8-405c-9b2e-83e0ea2b308d','Mã Hỷ Thủy','196L','Trần Quang Khải','Tân Định','1','TP.HCM','TP.HCM','Trung Quốc','Việt Nam','https://scontent.fsgn5-2.fna.fbcdn.net/v/t1.0-9/30728833_448074752280478_1899675829000994816_n.jpg?_nc_cat=0&_nc_eui2=v1%3AAeGWs-ZWzvXj6vWDsUuefKPhaAZjnrM5G28pqoEulm3YNEd1k7ncyHRCvoMfdrOnowgobKLN-TUkGMNp6BiHCCGPxyEfQg5P0TI80Gyx7xg8dw&oh=48b8004bc59692d328a','8482520');
--------------------------------------------------------
--  DDL for Index SYS_C007587
--------------------------------------------------------

  CREATE UNIQUE INDEX "QUANLYCUTRU"."SYS_C007587" ON "QUANLYCUTRU"."CHUCVUS" ("ID") 
  PCTFREE 10 INITRANS 2 MAXTRANS 255 COMPUTE STATISTICS 
  STORAGE(INITIAL 65536 NEXT 1048576 MINEXTENTS 1 MAXEXTENTS 2147483645
  PCTINCREASE 0 FREELISTS 1 FREELIST GROUPS 1 BUFFER_POOL DEFAULT FLASH_CACHE DEFAULT CELL_FLASH_CACHE DEFAULT)
  TABLESPACE "SYSTEM" ;
--------------------------------------------------------
--  DDL for Index SYS_C007600
--------------------------------------------------------

  CREATE UNIQUE INDEX "QUANLYCUTRU"."SYS_C007600" ON "QUANLYCUTRU"."CUTRUS" ("ID") 
  PCTFREE 10 INITRANS 2 MAXTRANS 255 COMPUTE STATISTICS 
  STORAGE(INITIAL 65536 NEXT 1048576 MINEXTENTS 1 MAXEXTENTS 2147483645
  PCTINCREASE 0 FREELISTS 1 FREELIST GROUPS 1 BUFFER_POOL DEFAULT FLASH_CACHE DEFAULT CELL_FLASH_CACHE DEFAULT)
  TABLESPACE "SYSTEM" ;
--------------------------------------------------------
--  DDL for Index SYS_C007604
--------------------------------------------------------

  CREATE UNIQUE INDEX "QUANLYCUTRU"."SYS_C007604" ON "QUANLYCUTRU"."LOAICUTRUS" ("ID") 
  PCTFREE 10 INITRANS 2 MAXTRANS 255 COMPUTE STATISTICS 
  STORAGE(INITIAL 65536 NEXT 1048576 MINEXTENTS 1 MAXEXTENTS 2147483645
  PCTINCREASE 0 FREELISTS 1 FREELIST GROUPS 1 BUFFER_POOL DEFAULT FLASH_CACHE DEFAULT CELL_FLASH_CACHE DEFAULT)
  TABLESPACE "SYSTEM" ;
--------------------------------------------------------
--  DDL for Index SYS_C007646
--------------------------------------------------------

  CREATE UNIQUE INDEX "QUANLYCUTRU"."SYS_C007646" ON "QUANLYCUTRU"."NGUOIDUNGS" ("ID") 
  PCTFREE 10 INITRANS 2 MAXTRANS 255 COMPUTE STATISTICS 
  STORAGE(INITIAL 65536 NEXT 1048576 MINEXTENTS 1 MAXEXTENTS 2147483645
  PCTINCREASE 0 FREELISTS 1 FREELIST GROUPS 1 BUFFER_POOL DEFAULT FLASH_CACHE DEFAULT CELL_FLASH_CACHE DEFAULT)
  TABLESPACE "SYSTEM" ;
--------------------------------------------------------
--  DDL for Trigger CHUCVUS_ID_TRIG
--------------------------------------------------------

  CREATE OR REPLACE TRIGGER "QUANLYCUTRU"."CHUCVUS_ID_TRIG" BEFORE INSERT OR UPDATE ON ChucVus
FOR EACH ROW
DECLARE 
v_newVal NUMBER(12) := 0;
v_incval NUMBER(12) := 0;
BEGIN
  IF INSERTING AND :new.Id IS NULL THEN
    SELECT  ChucVus_Id_2SEQ.NEXTVAL INTO v_newVal FROM DUAL;
    -- If this is the first time this table have been inserted into (sequence == 1)
    IF v_newVal = 1 THEN 
      --get the max indentity value from the table
      SELECT NVL(max(Id),0) INTO v_newVal FROM ChucVus;
      v_newVal := v_newVal + 1;
      --set the sequence to that value
      LOOP
           EXIT WHEN v_incval>=v_newVal;
           SELECT ChucVus_Id_2SEQ.nextval INTO v_incval FROM dual;
      END LOOP;
    END IF;
   -- assign the value from the sequence to emulate the identity column
   :new.Id := v_newVal;
  END IF;
END;
/
ALTER TRIGGER "QUANLYCUTRU"."CHUCVUS_ID_TRIG" ENABLE;
--------------------------------------------------------
--  DDL for Trigger CUTRUS_ID_TRIG
--------------------------------------------------------

  CREATE OR REPLACE TRIGGER "QUANLYCUTRU"."CUTRUS_ID_TRIG" BEFORE INSERT OR UPDATE ON CuTrus
FOR EACH ROW
DECLARE 
v_newVal NUMBER(12) := 0;
v_incval NUMBER(12) := 0;
BEGIN
  IF INSERTING AND :new.Id IS NULL THEN
    SELECT  CuTrus_Id_2SEQ.NEXTVAL INTO v_newVal FROM DUAL;
    -- If this is the first time this table have been inserted into (sequence == 1)
    IF v_newVal = 1 THEN 
      --get the max indentity value from the table
      SELECT NVL(max(Id),0) INTO v_newVal FROM CuTrus;
      v_newVal := v_newVal + 1;
      --set the sequence to that value
      LOOP
           EXIT WHEN v_incval>=v_newVal;
           SELECT CuTrus_Id_2SEQ.nextval INTO v_incval FROM dual;
      END LOOP;
    END IF;
   -- assign the value from the sequence to emulate the identity column
   :new.Id := v_newVal;
  END IF;
END;
/
ALTER TRIGGER "QUANLYCUTRU"."CUTRUS_ID_TRIG" ENABLE;
--------------------------------------------------------
--  DDL for Trigger LOAICUTRUS_ID_TRIG
--------------------------------------------------------

  CREATE OR REPLACE TRIGGER "QUANLYCUTRU"."LOAICUTRUS_ID_TRIG" BEFORE INSERT OR UPDATE ON LoaiCuTrus
FOR EACH ROW
DECLARE 
v_newVal NUMBER(12) := 0;
v_incval NUMBER(12) := 0;
BEGIN
  IF INSERTING AND :new.Id IS NULL THEN
    SELECT  LoaiCuTrus_Id_2SEQ.NEXTVAL INTO v_newVal FROM DUAL;
    -- If this is the first time this table have been inserted into (sequence == 1)
    IF v_newVal = 1 THEN 
      --get the max indentity value from the table
      SELECT NVL(max(Id),0) INTO v_newVal FROM LoaiCuTrus;
      v_newVal := v_newVal + 1;
      --set the sequence to that value
      LOOP
           EXIT WHEN v_incval>=v_newVal;
           SELECT LoaiCuTrus_Id_2SEQ.nextval INTO v_incval FROM dual;
      END LOOP;
    END IF;
   -- assign the value from the sequence to emulate the identity column
   :new.Id := v_newVal;
  END IF;
END;
/
ALTER TRIGGER "QUANLYCUTRU"."LOAICUTRUS_ID_TRIG" ENABLE;
--------------------------------------------------------
--  DDL for Trigger NGUOIDUNGS_ID_TRIG
--------------------------------------------------------

  CREATE OR REPLACE TRIGGER "QUANLYCUTRU"."NGUOIDUNGS_ID_TRIG" BEFORE INSERT OR UPDATE ON NguoiDungs
FOR EACH ROW
DECLARE 
v_newVal NUMBER(12) := 0;
v_incval NUMBER(12) := 0;
BEGIN
  IF INSERTING AND :new.Id IS NULL THEN
    SELECT  NguoiDungs_Id_2SEQ.NEXTVAL INTO v_newVal FROM DUAL;
    -- If this is the first time this table have been inserted into (sequence == 1)
    IF v_newVal = 1 THEN 
      --get the max indentity value from the table
      SELECT NVL(max(Id),0) INTO v_newVal FROM NguoiDungs;
      v_newVal := v_newVal + 1;
      --set the sequence to that value
      LOOP
           EXIT WHEN v_incval>=v_newVal;
           SELECT NguoiDungs_Id_2SEQ.nextval INTO v_incval FROM dual;
      END LOOP;
    END IF;
   -- assign the value from the sequence to emulate the identity column
   :new.Id := v_newVal;
  END IF;
END;
/
ALTER TRIGGER "QUANLYCUTRU"."NGUOIDUNGS_ID_TRIG" ENABLE;
--------------------------------------------------------
--  Constraints for Table CHUCVUS
--------------------------------------------------------

  ALTER TABLE "QUANLYCUTRU"."CHUCVUS" ADD PRIMARY KEY ("ID")
  USING INDEX PCTFREE 10 INITRANS 2 MAXTRANS 255 COMPUTE STATISTICS 
  STORAGE(INITIAL 65536 NEXT 1048576 MINEXTENTS 1 MAXEXTENTS 2147483645
  PCTINCREASE 0 FREELISTS 1 FREELIST GROUPS 1 BUFFER_POOL DEFAULT FLASH_CACHE DEFAULT CELL_FLASH_CACHE DEFAULT)
  TABLESPACE "SYSTEM"  ENABLE;
  ALTER TABLE "QUANLYCUTRU"."CHUCVUS" MODIFY ("ID" NOT NULL ENABLE);
--------------------------------------------------------
--  Constraints for Table CUTRUS
--------------------------------------------------------

  ALTER TABLE "QUANLYCUTRU"."CUTRUS" ADD PRIMARY KEY ("ID")
  USING INDEX PCTFREE 10 INITRANS 2 MAXTRANS 255 COMPUTE STATISTICS 
  STORAGE(INITIAL 65536 NEXT 1048576 MINEXTENTS 1 MAXEXTENTS 2147483645
  PCTINCREASE 0 FREELISTS 1 FREELIST GROUPS 1 BUFFER_POOL DEFAULT FLASH_CACHE DEFAULT CELL_FLASH_CACHE DEFAULT)
  TABLESPACE "SYSTEM"  ENABLE;
  ALTER TABLE "QUANLYCUTRU"."CUTRUS" MODIFY ("LOAICUTRUID" NOT NULL ENABLE);
  ALTER TABLE "QUANLYCUTRU"."CUTRUS" MODIFY ("DADUYET" NOT NULL ENABLE);
  ALTER TABLE "QUANLYCUTRU"."CUTRUS" MODIFY ("NGAYHETHAN" NOT NULL ENABLE);
  ALTER TABLE "QUANLYCUTRU"."CUTRUS" MODIFY ("NGAYDANGKY" NOT NULL ENABLE);
  ALTER TABLE "QUANLYCUTRU"."CUTRUS" MODIFY ("NGAYTAO" NOT NULL ENABLE);
  ALTER TABLE "QUANLYCUTRU"."CUTRUS" MODIFY ("ID" NOT NULL ENABLE);
--------------------------------------------------------
--  Constraints for Table DANGKYCUTRU
--------------------------------------------------------

  ALTER TABLE "QUANLYCUTRU"."DANGKYCUTRU" MODIFY ("CONGDANID" NOT NULL ENABLE);
  ALTER TABLE "QUANLYCUTRU"."DANGKYCUTRU" MODIFY ("CUTRUID" NOT NULL ENABLE);
--------------------------------------------------------
--  Constraints for Table LOAICUTRUS
--------------------------------------------------------

  ALTER TABLE "QUANLYCUTRU"."LOAICUTRUS" ADD PRIMARY KEY ("ID")
  USING INDEX PCTFREE 10 INITRANS 2 MAXTRANS 255 COMPUTE STATISTICS 
  STORAGE(INITIAL 65536 NEXT 1048576 MINEXTENTS 1 MAXEXTENTS 2147483645
  PCTINCREASE 0 FREELISTS 1 FREELIST GROUPS 1 BUFFER_POOL DEFAULT FLASH_CACHE DEFAULT CELL_FLASH_CACHE DEFAULT)
  TABLESPACE "SYSTEM"  ENABLE;
  ALTER TABLE "QUANLYCUTRU"."LOAICUTRUS" MODIFY ("ID" NOT NULL ENABLE);
--------------------------------------------------------
--  Constraints for Table NGUOIDUNGS
--------------------------------------------------------

  ALTER TABLE "QUANLYCUTRU"."NGUOIDUNGS" ADD PRIMARY KEY ("ID")
  USING INDEX PCTFREE 10 INITRANS 2 MAXTRANS 255 COMPUTE STATISTICS 
  STORAGE(INITIAL 65536 NEXT 1048576 MINEXTENTS 1 MAXEXTENTS 2147483645
  PCTINCREASE 0 FREELISTS 1 FREELIST GROUPS 1 BUFFER_POOL DEFAULT FLASH_CACHE DEFAULT CELL_FLASH_CACHE DEFAULT)
  TABLESPACE "SYSTEM"  ENABLE;
  ALTER TABLE "QUANLYCUTRU"."NGUOIDUNGS" MODIFY ("CHUCVUID" NOT NULL ENABLE);
  ALTER TABLE "QUANLYCUTRU"."NGUOIDUNGS" MODIFY ("SINHNHAT" NOT NULL ENABLE);
  ALTER TABLE "QUANLYCUTRU"."NGUOIDUNGS" MODIFY ("GIOITINH" NOT NULL ENABLE);
  ALTER TABLE "QUANLYCUTRU"."NGUOIDUNGS" MODIFY ("ID" NOT NULL ENABLE);
